file_name,operator,instrument,centre,model,material,vial,round
OpA_I2_C2_IM1_PBMC1_R1.fcs,A,2,2,1,PBMC,1,1
OpA_I2_C2_IM1_PBMC1_R2.fcs,A,2,2,1,PBMC,1,2
OpA_I2_C2_IM1_PBMC1_R3.fcs,A,2,2,1,PBMC,1,3
OpA_I2_C2_IM1_PBMC2_R1.fcs,A,2,2,1,PBMC,2,1
OpA_I2_C2_IM1_PBMC2_R2.fcs,A,2,2,1,PBMC,2,2
OpA_I2_C2_IM1_PBMC2_R3.fcs,A,2,2,1,PBMC,2,3
OpA_I2_C2_IM1_PBMC3_R1.fcs,A,2,2,1,PBMC,3,1
OpA_I2_C2_IM1_PBMC3_R2.fcs,A,2,2,1,PBMC,3,2
OpA_I2_C2_IM1_PBMC3_R3.fcs,A,2,2,1,PBMC,3,3
OpA_I2_C2_IM1_WB1_R1.fcs,A,2,2,1,WB,1,1
OpA_I2_C2_IM1_WB1_R2.fcs,A,2,2,1,WB,1,2
OpA_I2_C2_IM1_WB1_R3.fcs,A,2,2,1,WB,1,3
OpA_I2_C2_IM1_WB2_R1.fcs,A,2,2,1,WB,2,1
OpA_I2_C2_IM1_WB2_R2.fcs,A,2,2,1,WB,2,2
OpA_I2_C2_IM1_WB2_R3.fcs,A,2,2,1,WB,2,3
OpA_I2_C2_IM1_WB3_R1.fcs,A,2,2,1,WB,3,1
OpA_I2_C2_IM1_WB3_R2.fcs,A,2,2,1,WB,3,2
OpA_I2_C2_IM1_WB3_R3.fcs,A,2,2,1,WB,3,3
OpB_I3_C3_IM1_PBMC1_R1.fcs,B,3,3,1,PBMC,1,1
OpB_I3_C3_IM1_PBMC1_R2.fcs,B,3,3,1,PBMC,1,2
OpB_I3_C3_IM1_PBMC1_R3.fcs,B,3,3,1,PBMC,1,3
OpB_I3_C3_IM1_PBMC2_R1.fcs,B,3,3,1,PBMC,2,1
OpB_I3_C3_IM1_PBMC2_R2.fcs,B,3,3,1,PBMC,2,2
OpB_I3_C3_IM1_PBMC2_R3.fcs,B,3,3,1,PBMC,2,3
OpB_I3_C3_IM1_PBMC3_R1.fcs,B,3,3,1,PBMC,3,1
OpB_I3_C3_IM1_PBMC3_R2.fcs,B,3,3,1,PBMC,3,2
OpB_I3_C3_IM1_PBMC3_R3.fcs,B,3,3,1,PBMC,3,3
OpB_I3_C3_IM1_WB1_R1.fcs,B,3,3,1,WB,1,1
OpB_I3_C3_IM1_WB1_R2.fcs,B,3,3,1,WB,1,2
OpB_I3_C3_IM1_WB1_R3.fcs,B,3,3,1,WB,1,3
OpB_I3_C3_IM1_WB2_R1.fcs,B,3,3,1,WB,2,1
OpB_I3_C3_IM1_WB2_R2.fcs,B,3,3,1,WB,2,2
OpB_I3_C3_IM1_WB2_R3.fcs,B,3,3,1,WB,2,3
OpB_I3_C3_IM1_WB3_R1.fcs,B,3,3,1,WB,3,1
OpB_I3_C3_IM1_WB3_R2.fcs,B,3,3,1,WB,3,2
OpB_I3_C3_IM1_WB3_R3.fcs,B,3,3,1,WB,3,3
OpC_I7_C5_IM1_PBMC1_R1.fcs,C,7,5,1,PBMC,1,1
OpC_I7_C5_IM1_PBMC1_R2.fcs,C,7,5,1,PBMC,1,2
OpC_I7_C5_IM1_PBMC1_R3.fcs,C,7,5,1,PBMC,1,3
OpC_I7_C5_IM1_PBMC2_R1.fcs,C,7,5,1,PBMC,2,1
OpC_I7_C5_IM1_PBMC2_R2.fcs,C,7,5,1,PBMC,2,2
OpC_I7_C5_IM1_PBMC2_R3.fcs,C,7,5,1,PBMC,2,3
OpC_I7_C5_IM1_PBMC3_R1.fcs,C,7,5,1,PBMC,3,1
OpC_I7_C5_IM1_PBMC3_R2.fcs,C,7,5,1,PBMC,3,2
OpC_I7_C5_IM1_PBMC3_R3.fcs,C,7,5,1,PBMC,3,3
OpC_I7_C5_IM1_WB1_R1.fcs,C,7,5,1,WB,1,1
OpC_I7_C5_IM1_WB1_R2.fcs,C,7,5,1,WB,1,2
OpC_I7_C5_IM1_WB1_R3.fcs,C,7,5,1,WB,1,3
OpC_I7_C5_IM1_WB2_R1.fcs,C,7,5,1,WB,2,1
OpC_I7_C5_IM1_WB2_R2.fcs,C,7,5,1,WB,2,2
OpC_I7_C5_IM1_WB2_R3.fcs,C,7,5,1,WB,2,3
OpC_I7_C5_IM1_WB3_R1.fcs,C,7,5,1,WB,3,1
OpC_I7_C5_IM1_WB3_R2.fcs,C,7,5,1,WB,3,2
OpC_I7_C5_IM1_WB3_R3.fcs,C,7,5,1,WB,3,3
OpD_I4_C4_IM1_PBMC1_R1.fcs,D,4,4,1,PBMC,1,1
OpD_I4_C4_IM1_PBMC1_R2.fcs,D,4,4,1,PBMC,1,2
OpD_I4_C4_IM1_PBMC1_R3.fcs,D,4,4,1,PBMC,1,3
OpD_I4_C4_IM1_PBMC2_R1.fcs,D,4,4,1,PBMC,2,1
OpD_I4_C4_IM1_PBMC2_R2.fcs,D,4,4,1,PBMC,2,2
OpD_I4_C4_IM1_PBMC2_R3.fcs,D,4,4,1,PBMC,2,3
OpD_I4_C4_IM1_PBMC3_R1.fcs,D,4,4,1,PBMC,3,1
OpD_I4_C4_IM1_PBMC3_R2.fcs,D,4,4,1,PBMC,3,2
OpD_I4_C4_IM1_PBMC3_R3.fcs,D,4,4,1,PBMC,3,3
OpD_I4_C4_IM1_WB1_R1.fcs,D,4,4,1,WB,1,1
OpD_I4_C4_IM1_WB1_R2.fcs,D,4,4,1,WB,1,2
OpD_I4_C4_IM1_WB1_R3.fcs,D,4,4,1,WB,1,3
OpD_I4_C4_IM1_WB2_R1.fcs,D,4,4,1,WB,2,1
OpD_I4_C4_IM1_WB2_R2.fcs,D,4,4,1,WB,2,2
OpD_I4_C4_IM1_WB2_R3.fcs,D,4,4,1,WB,2,3
OpD_I4_C4_IM1_WB3_R1.fcs,D,4,4,1,WB,3,1
OpD_I4_C4_IM1_WB3_R2.fcs,D,4,4,1,WB,3,2
OpD_I4_C4_IM1_WB3_R3.fcs,D,4,4,1,WB,3,3
OpE_I6_C5_IM2_PBMC1_R1.fcs,E,6,5,2,PBMC,1,1
OpE_I6_C5_IM2_PBMC1_R2.fcs,E,6,5,2,PBMC,1,2
OpE_I6_C5_IM2_PBMC1_R3.fcs,E,6,5,2,PBMC,1,3
OpE_I6_C5_IM2_PBMC2_R1.fcs,E,6,5,2,PBMC,2,1
OpE_I6_C5_IM2_PBMC2_R2.fcs,E,6,5,2,PBMC,2,2
OpE_I6_C5_IM2_PBMC2_R3.fcs,E,6,5,2,PBMC,2,3
OpE_I6_C5_IM2_PBMC3_R1.fcs,E,6,5,2,PBMC,3,1
OpE_I6_C5_IM2_PBMC3_R2.fcs,E,6,5,2,PBMC,3,2
OpE_I6_C5_IM2_PBMC3_R3.fcs,E,6,5,2,PBMC,3,3
OpE_I6_C5_IM2_WB1_R1.fcs,E,6,5,2,WB,1,1
OpE_I6_C5_IM2_WB1_R2.fcs,E,6,5,2,WB,1,2
OpE_I6_C5_IM2_WB1_R3.fcs,E,6,5,2,WB,1,3
OpE_I6_C5_IM2_WB2_R1.fcs,E,6,5,2,WB,2,1
OpE_I6_C5_IM2_WB2_R2.fcs,E,6,5,2,WB,2,2
OpE_I6_C5_IM2_WB2_R3.fcs,E,6,5,2,WB,2,3
OpE_I6_C5_IM2_WB3_R1.fcs,E,6,5,2,WB,3,1
OpE_I6_C5_IM2_WB3_R2.fcs,E,6,5,2,WB,3,2
OpE_I6_C5_IM2_WB3_R3.fcs,E,6,5,2,WB,3,3
OpF_I4_C4_IM1_PBMC1_R1.fcs,F,4,4,1,PBMC,1,1
OpF_I4_C4_IM1_PBMC1_R2.fcs,F,4,4,1,PBMC,1,2
OpF_I4_C4_IM1_PBMC1_R3.fcs,F,4,4,1,PBMC,1,3
OpF_I4_C4_IM1_PBMC2_R1.fcs,F,4,4,1,PBMC,2,1
OpF_I4_C4_IM1_PBMC2_R2.fcs,F,4,4,1,PBMC,2,2
OpF_I4_C4_IM1_PBMC2_R3.fcs,F,4,4,1,PBMC,2,3
OpF_I4_C4_IM1_PBMC3_R1.fcs,F,4,4,1,PBMC,3,1
OpF_I4_C4_IM1_PBMC3_R2.fcs,F,4,4,1,PBMC,3,2
OpF_I4_C4_IM1_PBMC3_R3.fcs,F,4,4,1,PBMC,3,3
OpF_I4_C4_IM1_WB1_R1.fcs,F,4,4,1,WB,1,1
OpF_I4_C4_IM1_WB1_R2.fcs,F,4,4,1,WB,1,2
OpF_I4_C4_IM1_WB1_R3.fcs,F,4,4,1,WB,1,3
OpF_I4_C4_IM1_WB2_R1.fcs,F,4,4,1,WB,2,1
OpF_I4_C4_IM1_WB2_R2.fcs,F,4,4,1,WB,2,2
OpF_I4_C4_IM1_WB2_R3.fcs,F,4,4,1,WB,2,3
OpF_I4_C4_IM1_WB3_R1.fcs,F,4,4,1,WB,3,1
OpF_I4_C4_IM1_WB3_R2.fcs,F,4,4,1,WB,3,2
OpF_I4_C4_IM1_WB3_R3.fcs,F,4,4,1,WB,3,3
OpG_I4_C4_IM1_PBMC1_R1.fcs,G,4,4,1,PBMC,1,1
OpG_I4_C4_IM1_PBMC1_R2.fcs,G,4,4,1,PBMC,1,2
OpG_I4_C4_IM1_PBMC1_R3.fcs,G,4,4,1,PBMC,1,3
OpG_I4_C4_IM1_PBMC2_R1.fcs,G,4,4,1,PBMC,2,1
OpG_I4_C4_IM1_PBMC2_R2.fcs,G,4,4,1,PBMC,2,2
OpG_I4_C4_IM1_PBMC2_R3.fcs,G,4,4,1,PBMC,2,3
OpG_I4_C4_IM1_PBMC3_R1.fcs,G,4,4,1,PBMC,3,1
OpG_I4_C4_IM1_PBMC3_R2.fcs,G,4,4,1,PBMC,3,2
OpG_I4_C4_IM1_PBMC3_R3.fcs,G,4,4,1,PBMC,3,3
OpG_I4_C4_IM1_WB1_R1.fcs,G,4,4,1,WB,1,1
OpG_I4_C4_IM1_WB1_R2.fcs,G,4,4,1,WB,1,2
OpG_I4_C4_IM1_WB1_R3.fcs,G,4,4,1,WB,1,3
OpG_I4_C4_IM1_WB2_R1.fcs,G,4,4,1,WB,2,1
OpG_I4_C4_IM1_WB2_R2.fcs,G,4,4,1,WB,2,2
OpG_I4_C4_IM1_WB2_R3.fcs,G,4,4,1,WB,2,3
OpG_I4_C4_IM1_WB3_R1.fcs,G,4,4,1,WB,3,1
OpG_I4_C4_IM1_WB3_R2.fcs,G,4,4,1,WB,3,2
OpG_I4_C4_IM1_WB3_R3.fcs,G,4,4,1,WB,3,3
OpH_I6_C5_IM2_PBMC1_R1.fcs,H,6,5,2,PBMC,1,1
OpH_I6_C5_IM2_PBMC1_R2.fcs,H,6,5,2,PBMC,1,2
OpH_I6_C5_IM2_PBMC1_R3.fcs,H,6,5,2,PBMC,1,3
OpH_I6_C5_IM2_PBMC2_R1.fcs,H,6,5,2,PBMC,2,1
OpH_I6_C5_IM2_PBMC2_R2.fcs,H,6,5,2,PBMC,2,2
OpH_I6_C5_IM2_PBMC2_R3.fcs,H,6,5,2,PBMC,2,3
OpH_I6_C5_IM2_PBMC3_R1.fcs,H,6,5,2,PBMC,3,1
OpH_I6_C5_IM2_PBMC3_R2.fcs,H,6,5,2,PBMC,3,2
OpH_I6_C5_IM2_PBMC3_R3.fcs,H,6,5,2,PBMC,3,3
OpH_I6_C5_IM2_WB1_R1.fcs,H,6,5,2,WB,1,1
OpH_I6_C5_IM2_WB1_R2.fcs,H,6,5,2,WB,1,2
OpH_I6_C5_IM2_WB1_R3.fcs,H,6,5,2,WB,1,3
OpH_I6_C5_IM2_WB2_R1.fcs,H,6,5,2,WB,2,1
OpH_I6_C5_IM2_WB2_R2.fcs,H,6,5,2,WB,2,2
OpH_I6_C5_IM2_WB2_R3.fcs,H,6,5,2,WB,2,3
OpH_I6_C5_IM2_WB3_R1.fcs,H,6,5,2,WB,3,1
OpH_I6_C5_IM2_WB3_R2.fcs,H,6,5,2,WB,3,2
OpH_I6_C5_IM2_WB3_R3.fcs,H,6,5,2,WB,3,3
OpI_I6_C5_IM2-PBMC1_R1.fcs,I,6,5,2,PBMC,1,1
OpI_I6_C5_IM2-PBMC1_R3.fcs,I,6,5,2,PBMC,1,3
OpI_I6_C5_IM2-PBMC2_R1.fcs,I,6,5,2,PBMC,2,1
OpI_I6_C5_IM2-PBMC2_R2.fcs,I,6,5,2,PBMC,2,2
OpI_I6_C5_IM2-PBMC2_R3.fcs,I,6,5,2,PBMC,2,3
OpI_I6_C5_IM2-PBMC3_R1.fcs,I,6,5,2,PBMC,3,1
OpI_I6_C5_IM2-PBMC3_R2.fcs,I,6,5,2,PBMC,3,2
OpI_I6_C5_IM2-PBMC3_R3.fcs,I,6,5,2,PBMC,3,3
OpI_I6_C5_IM2-WB1_R1.fcs,I,6,5,2,WB,1,1
OpI_I6_C5_IM2-WB1_R2.fcs,I,6,5,2,WB,1,2
OpI_I6_C5_IM2-WB1_R3.fcs,I,6,5,2,WB,1,3
OpI_I6_C5_IM2-WB2_R1.fcs,I,6,5,2,WB,2,1
OpI_I6_C5_IM2-WB2_R2.fcs,I,6,5,2,WB,2,2
OpI_I6_C5_IM2-WB2_R3.fcs,I,6,5,2,WB,2,3
OpI_I6_C5_IM2-WB3_R1.fcs,I,6,5,2,WB,3,1
OpI_I6_C5_IM2-WB3_R2.fcs,I,6,5,2,WB,3,2
OpI_I6_C5_IM2-WB3_R3.fcs,I,6,5,2,WB,3,3
OpI_I6_C5_IM2_PBMC1_R2.fcs,I,6,5,2,PBMC,1,2
OpJ_I6_C5_IM2-WB1_R1.fcs,J,6,5,2,WB,1,1
OpJ_I6_C5_IM2-WB1_R2.fcs,J,6,5,2,WB,1,2
OpJ_I6_C5_IM2-WB1_R3.fcs,J,6,5,2,WB,1,3
OpJ_I6_C5_IM2-WB2_R1.fcs,J,6,5,2,WB,2,1
OpJ_I6_C5_IM2-WB2_R2.fcs,J,6,5,2,WB,2,2
OpJ_I6_C5_IM2-WB2_R3.fcs,J,6,5,2,WB,2,3
OpJ_I6_C5_IM2-WB3_R1.fcs,J,6,5,2,WB,3,1
OpJ_I6_C5_IM2-WB3_R2.fcs,J,6,5,2,WB,3,2
OpJ_I6_C5_IM2-WB3_R3.fcs,J,6,5,2,WB,3,3
OpJ_I6_C5_IM2_PBMC1_R1.fcs,J,6,5,2,PBMC,1,1
OpJ_I6_C5_IM2_PBMC1_R2.fcs,J,6,5,2,PBMC,1,2
OpJ_I6_C5_IM2_PBMC1_R3.fcs,J,6,5,2,PBMC,1,3
OpJ_I6_C5_IM2_PBMC2_R1.fcs,J,6,5,2,PBMC,2,1
OpJ_I6_C5_IM2_PBMC2_R2.fcs,J,6,5,2,PBMC,2,2
OpJ_I6_C5_IM2_PBMC2_R3.fcs,J,6,5,2,PBMC,2,3
OpJ_I6_C5_IM2_PBMC3_R1.fcs,J,6,5,2,PBMC,3,1
OpJ_I6_C5_IM2_PBMC3_R2.fcs,J,6,5,2,PBMC,3,2
OpJ_I6_C5_IM2_PBMC3_R3.fcs,J,6,5,2,PBMC,3,3
OpK_I1_C1_IM3_PBMC1_R1.fcs,K,1,1,3,PBMC,1,1
OpK_I1_C1_IM3_PBMC1_R2.fcs,K,1,1,3,PBMC,1,2
OpK_I1_C1_IM3_PBMC1_R3.fcs,K,1,1,3,PBMC,1,3
OpK_I1_C1_IM3_PBMC2_R1.fcs,K,1,1,3,PBMC,2,1
OpK_I1_C1_IM3_PBMC2_R2.fcs,K,1,1,3,PBMC,2,2
OpK_I1_C1_IM3_PBMC2_R3.fcs,K,1,1,3,PBMC,2,3
OpK_I1_C1_IM3_PBMC3_R1.fcs,K,1,1,3,PBMC,3,1
OpK_I1_C1_IM3_PBMC3_R2.fcs,K,1,1,3,PBMC,3,2
OpK_I1_C1_IM3_PBMC3_R3.fcs,K,1,1,3,PBMC,3,3
OpK_I1_C1_IM3_WB1_R1.fcs,K,1,1,3,WB,1,1
OpK_I1_C1_IM3_WB1_R2.fcs,K,1,1,3,WB,1,2
OpK_I1_C1_IM3_WB1_R3.fcs,K,1,1,3,WB,1,3
OpK_I1_C1_IM3_WB2_R1.fcs,K,1,1,3,WB,2,1
OpK_I1_C1_IM3_WB2_R2.fcs,K,1,1,3,WB,2,2
OpK_I1_C1_IM3_WB2_R3.fcs,K,1,1,3,WB,2,3
OpK_I1_C1_IM3_WB3_R1.fcs,K,1,1,3,WB,3,1
OpK_I1_C1_IM3_WB3_R2.fcs,K,1,1,3,WB,3,2
OpK_I1_C1_IM3_WB3_R3.fcs,K,1,1,3,WB,3,3
OpL_I5_C4_IM3_PBMC1_R1.fcs,L,5,4,3,PBMC,1,1
OpL_I5_C4_IM3_PBMC1_R2.fcs,L,5,4,3,PBMC,1,2
OpL_I5_C4_IM3_PBMC1_R3.fcs,L,5,4,3,PBMC,1,3
OpL_I5_C4_IM3_PBMC2_R1.fcs,L,5,4,3,PBMC,2,1
OpL_I5_C4_IM3_PBMC2_R2.fcs,L,5,4,3,PBMC,2,2
OpL_I5_C4_IM3_PBMC2_R3.fcs,L,5,4,3,PBMC,2,3
OpL_I5_C4_IM3_PBMC3_R1.fcs,L,5,4,3,PBMC,3,1
OpL_I5_C4_IM3_PBMC3_R2.fcs,L,5,4,3,PBMC,3,2
OpL_I5_C4_IM3_PBMC3_R3.fcs,L,5,4,3,PBMC,3,3
OpL_I5_C4_IM3_WB1_R1.fcs,L,5,4,3,WB,1,1
OpL_I5_C4_IM3_WB1_R2.fcs,L,5,4,3,WB,1,2
OpL_I5_C4_IM3_WB1_R3.fcs,L,5,4,3,WB,1,3
OpL_I5_C4_IM3_WB2_R1.fcs,L,5,4,3,WB,2,1
OpL_I5_C4_IM3_WB2_R2.fcs,L,5,4,3,WB,2,2
OpL_I5_C4_IM3_WB2_R3.fcs,L,5,4,3,WB,2,3
OpL_I5_C4_IM3_WB3_R1.fcs,L,5,4,3,WB,3,1
OpL_I5_C4_IM3_WB3_R2.fcs,L,5,4,3,WB,3,2
OpL_I5_C4_IM3_WB3_R3.fcs,L,5,4,3,WB,3,3
OpM_I6_C5_IM2_PBMC1_R1.fcs,M,6,5,2,PBMC,1,1
OpM_I6_C5_IM2_PBMC1_R2.fcs,M,6,5,2,PBMC,1,2
OpM_I6_C5_IM2_PBMC1_R3.fcs,M,6,5,2,PBMC,1,3
OpM_I6_C5_IM2_PBMC2_R1.fcs,M,6,5,2,PBMC,2,1
OpM_I6_C5_IM2_PBMC2_R2.fcs,M,6,5,2,PBMC,2,2
OpM_I6_C5_IM2_PBMC2_R3.fcs,M,6,5,2,PBMC,2,3
OpM_I6_C5_IM2_PBMC3_R1.fcs,M,6,5,2,PBMC,3,1
OpM_I6_C5_IM2_PBMC3_R2.fcs,M,6,5,2,PBMC,3,2
OpM_I6_C5_IM2_PBMC3_R3.fcs,M,6,5,2,PBMC,3,3
OpM_I6_C5_IM2_WB1_R1.fcs,M,6,5,2,WB,1,1
OpM_I6_C5_IM2_WB1_R2.fcs,M,6,5,2,WB,1,2
OpM_I6_C5_IM2_WB1_R3.fcs,M,6,5,2,WB,1,3
OpM_I6_C5_IM2_WB2_R1.fcs,M,6,5,2,WB,2,1
OpM_I6_C5_IM2_WB2_R2.fcs,M,6,5,2,WB,2,2
OpM_I6_C5_IM2_WB2_R3.fcs,M,6,5,2,WB,2,3
OpM_I6_C5_IM2_WB3_R1.fcs,M,6,5,2,WB,3,1
OpM_I6_C5_IM2_WB3_R2.fcs,M,6,5,2,WB,3,2
OpM_I6_C5_IM2_WB3_R3.fcs,M,6,5,2,WB,3,3
